gene,canonical_symbol,hgnc_match_type,annotation_status,hgnc_id,name,locus_group,locus_type,status,location,gene_group,entrez_id,ensembl_gene_id,uniprot_ids,cosmic,omim_id,available_event_definitions,any_selected_model_count,damaging_model_count,hotspot_model_count,variant_record_count,mutated_model_count,observed_lineage_count,top_lineages,likely_lof_record_count,likely_lof_model_count,hotspot_record_count,hotspot_flag_model_count,missense_record_count,missense_model_count,truncating_or_splice_record_count,truncating_or_splice_model_count,protein_change_count,top_protein_changes,top_variant_annotations,top_vep_impacts,oncokb_damaging_role,oncokb_damaging_class,oncokb_hotspot_role,oncokb_hotspot_class,has_oncokb_role,is_common_essential,has_damaging_event,has_hotspot_event
FLJ36000,,,unresolved,,,,,,,,,,,,,AnySelected,1,0,0,1,1,1,Uterus:1,1,1,0,0,0,0,1,1,0,,splice_acceptor_variant&non_coding_transcript_variant:1,HIGH:1,,,,,FALSE,FALSE,FALSE,FALSE
FLJ40288,,,unresolved,,,,,,,,,,,,,AnySelected,1,0,0,1,1,1,Lung:1,1,1,0,0,0,0,1,1,0,,splice_donor_variant&non_coding_transcript_variant:1,HIGH:1,,,,,FALSE,FALSE,FALSE,FALSE
FLJ46284,,,unresolved,,,,,,,,,,,,,AnySelected,1,0,0,1,1,1,Ovary/Fallopian Tube:1,1,1,0,0,0,0,1,1,0,,splice_donor_variant&non_coding_transcript_variant:1,HIGH:1,,,,,FALSE,FALSE,FALSE,FALSE
GS1-600G8.3,,,unresolved,,,,,,,,,,,,,AnySelected,1,0,0,1,1,1,Peripheral Nervous System:1,1,1,0,0,0,0,1,1,0,,splice_donor_variant&non_coding_transcript_variant:1,HIGH:1,,,,,FALSE,FALSE,FALSE,FALSE
HRAT17,,,unresolved,,,,,,,,,,,,,AnySelected,1,0,0,1,1,1,Lung:1,1,1,0,0,0,0,1,1,0,,splice_acceptor_variant&non_coding_transcript_variant:1,HIGH:1,,,,,FALSE,FALSE,FALSE,FALSE
KC6,,,unresolved,,,,,,,,,,,,,AnySelected,2,0,0,2,2,2,Esophagus/Stomach:1|Head and Neck:1,2,2,0,0,0,0,2,2,0,,splice_acceptor_variant&non_coding_transcript_variant:1|splice_donor_variant&non_coding_transcript_variant:1,HIGH:2,,,,,FALSE,FALSE,FALSE,FALSE
MGC27382,,,unresolved,,,,,,,,,,,,,AnySelected,1,0,0,1,1,1,Bowel:1,1,1,0,0,0,0,1,1,0,,splice_acceptor_variant&non_coding_transcript_variant:1,HIGH:1,,,,,FALSE,FALSE,FALSE,FALSE
MIURF,,,unresolved,,,,,,,,,,,,,AnySelected|ProteinChange,2,0,0,2,2,1,Uterus:2,1,1,0,0,1,1,1,1,2,p.G64D:1|p.N42KfsTer8:1,frameshift_variant:1|missense_variant:1,HIGH:1|MODERATE:1,,,,,FALSE,FALSE,FALSE,FALSE
TARP,,,unresolved,,,,,,,,,,,,,AnySelected|ProteinChange,2,0,0,2,2,2,Eye:1|Head and Neck:1,0,0,0,0,2,2,0,0,2,p.H25R:1|p.P6S:1,missense_variant:2,MODERATE:2,,,,,FALSE,FALSE,FALSE,FALSE
